{
    "__comment": "Model generated using MrCrayfish's Model Creator (https://mrcrayfish.com/tools?id=mc)",
    "textures": {
        "iron_bars": "minecraft:block/custom/ironfencegate/damaged1"
    },
    "display": {
        "gui": {
            "rotation": [ 18, 27, 0 ],
            "translation": [ 0, 0, 0 ],
            "scale": [ 0.625, 0.625, 0.625 ]
        },
        "ground": {
            "rotation": [ 0, 0, 0 ],
            "translation": [ 0, 3, 0 ],
            "scale": [ 0.25, 0.25, 0.25 ]
        },
        "fixed": {
            "rotation": [ 0, 180, 0 ],
            "translation": [ 0, 0, 0 ],
            "scale": [ 1, 1, 1 ]
        },
        "head": {
            "rotation": [ 0, 180, 0 ],
            "translation": [ 0, -14.65, 0 ],
            "scale": [ 2.29, 2.29, 2.29 ]
        },
        "firstperson_righthand": {
            "rotation": [ 0, 315, 0 ],
            "translation": [ 0, 2.5, 0 ],
            "scale": [ 0.4, 0.4, 0.4 ]
        },
        "thirdperson_righthand": {
            "rotation": [ 75, 315, 0 ],
            "translation": [ 0, 2.5, 0 ],
            "scale": [ 0.375, 0.375, 0.375 ]
        }
    },
    "elements": [
        {
            "name": "Cube",
            "from": [ 0, 0.5, 7 ], 
            "to": [ 1, 16.5, 9 ], 
            "faces": {
                "north": { "texture": "#iron_bars", "uv": [ 2, 0, 3, 16 ] },
                "east": { "texture": "#iron_bars", "uv": [ 7, 0, 9, 16 ] },
                "south": { "texture": "#iron_bars", "uv": [ 2, 0, 3, 16 ] },
                "west": { "texture": "#iron_bars", "uv": [ 7, 0, 9, 16 ] },
                "up": { "texture": "#iron_bars", "uv": [ 3, 0, 4, 2 ] },
                "down": { "texture": "#iron_bars", "uv": [ 3, 0, 4, 2 ] }
            }
        },
        {
            "name": "Cube",
            "from": [ 3, 1.5, 7.5 ], 
            "to": [ 4, 15.5, 8.5 ], 
            "faces": {
                "north": { "texture": "#iron_bars", "uv": [ 2, 0, 3, 14 ] },
                "east": { "texture": "#iron_bars", "uv": [ 3, 0, 4, 14 ] },
                "south": { "texture": "#iron_bars", "uv": [ 2, 0, 3, 14 ] },
                "west": { "texture": "#iron_bars", "uv": [ 8, 0, 9, 14 ] }
            }
        },
        {
            "name": "Cube",
            "from": [ 5.9, 0.5, 7 ], 
            "to": [ 7.9, 16.5, 9 ], 
            "faces": {
                "north": { "texture": "#iron_bars", "uv": [ 2, 0, 4, 16 ], "rotation": 180 },
                "east": { "texture": "#iron_bars", "uv": [ 7, 0, 9, 16 ] },
                "south": { "texture": "#iron_bars", "uv": [ 2, 0, 4, 16 ] },
                "west": { "texture": "#iron_bars", "uv": [ 7, 0, 9, 16 ] },
                "up": { "texture": "#iron_bars", "uv": [ 12, 0, 14, 2 ] },
                "down": { "texture": "#iron_bars", "uv": [ 12, 0, 14, 2 ] }
            }
        },
        {
            "name": "Cube",
            "from": [ 8.1, 0.5, 7 ], 
            "to": [ 10.1, 16.5, 9 ], 
            "faces": {
                "north": { "texture": "#iron_bars", "uv": [ 2, 0, 4, 16 ] },
                "east": { "texture": "#iron_bars", "uv": [ 7, 0, 9, 16 ] },
                "south": { "texture": "#iron_bars", "uv": [ 2, 0, 4, 16 ], "rotation": 180 },
                "west": { "texture": "#iron_bars", "uv": [ 7, 0, 9, 16 ] },
                "up": { "texture": "#iron_bars", "uv": [ 12, 0, 14, 2 ] },
                "down": { "texture": "#iron_bars", "uv": [ 12, 0, 14, 2 ] }
            }
        },
        {
            "name": "Cube",
            "from": [ 15, 0.5, 7 ], 
            "to": [ 16, 16.5, 9 ], 
            "faces": {
                "north": { "texture": "#iron_bars", "uv": [ 2, 0, 3, 16 ] },
                "east": { "texture": "#iron_bars", "uv": [ 12, 0, 14, 16 ] },
                "south": { "texture": "#iron_bars", "uv": [ 2, 0, 3, 16 ] },
                "west": { "texture": "#iron_bars", "uv": [ 7, 0, 9, 16 ] },
                "up": { "texture": "#iron_bars", "uv": [ 3, 0, 4, 2 ] },
                "down": { "texture": "#iron_bars", "uv": [ 2, 0, 3, 2 ] }
            }
        },
        {
            "name": "Cube",
            "from": [ 1, 15.5, 7 ], 
            "to": [ 5.9, 16.5, 9 ], 
            "faces": {
                "north": { "texture": "#iron_bars", "uv": [ 2, 2, 6.9, 3 ] },
                "south": { "texture": "#iron_bars", "uv": [ 2, 2, 6.9, 3 ], "rotation": 180 },
                "up": { "texture": "#iron_bars", "uv": [ 4, 2, 8.9, 4 ], "rotation": 180 },
                "down": { "texture": "#iron_bars", "uv": [ 7, 12, 11.9, 14 ] }
            }
        },
        {
            "name": "Cube",
            "from": [ 10.1, 15.5, 7 ], 
            "to": [ 15, 16.5, 9 ], 
            "faces": {
                "north": { "texture": "#iron_bars", "uv": [ 2, 2, 6.9, 3 ], "rotation": 180 },
                "south": { "texture": "#iron_bars", "uv": [ 2, 2, 6.9, 3 ] },
                "up": { "texture": "#iron_bars", "uv": [ 4, 2, 8.9, 4 ] },
                "down": { "texture": "#iron_bars", "uv": [ 9, 12, 13.9, 14 ] }
            }
        },
        {
            "name": "Cube",
            "from": [ 10.1, 0.5, 7 ], 
            "to": [ 15, 1.5, 9 ], 
            "faces": {
                "north": { "texture": "#iron_bars", "uv": [ 2, 3, 6.9, 4 ] },
                "south": { "texture": "#iron_bars", "uv": [ 2, 3, 6.9, 4 ], "rotation": 180 },
                "up": { "texture": "#iron_bars", "uv": [ 2, 2, 6.9, 4 ] },
                "down": { "texture": "#iron_bars", "uv": [ 4, 2, 8.9, 4 ] }
            }
        },
        {
            "name": "Cube",
            "from": [ 1, 0.5, 7 ], 
            "to": [ 5.9, 1.5, 9 ], 
            "faces": {
                "north": { "texture": "#iron_bars", "uv": [ 2, 3, 6.9, 4 ], "rotation": 180 },
                "south": { "texture": "#iron_bars", "uv": [ 2, 3, 6.9, 4 ] },
                "up": { "texture": "#iron_bars", "uv": [ 3, 2, 7.9, 4 ], "rotation": 180 },
                "down": { "texture": "#iron_bars", "uv": [ 8, 12, 12.9, 14 ] }
            }
        },
        {
            "name": "Cube",
            "from": [ 1, 10.5, 7.5 ], 
            "to": [ 3, 11.5, 8.5 ], 
            "faces": {
                "north": { "texture": "#iron_bars", "uv": [ 2, 0, 4, 1 ] },
                "south": { "texture": "#iron_bars", "uv": [ 2, 0, 4, 1 ] },
                "up": { "texture": "#iron_bars", "uv": [ 6, 2, 8, 3 ] },
                "down": { "texture": "#iron_bars", "uv": [ 7, 12, 9, 13 ] }
            }
        },
        {
            "name": "Cube",
            "from": [ 4, 11.5, 7.5 ], 
            "to": [ 6, 12.5, 8.5 ], 
            "faces": {
                "north": { "texture": "#iron_bars", "uv": [ 2, 7, 4, 8 ] },
                "south": { "texture": "#iron_bars", "uv": [ 2, 7, 4, 8 ] },
                "up": { "texture": "#iron_bars", "uv": [ 12, 8, 14, 9 ] },
                "down": { "texture": "#iron_bars", "uv": [ 12, 0, 14, 1 ] }
            }
        },
        {
            "name": "Cube",
            "from": [ 10, 11.5, 7.5 ], 
            "to": [ 12, 12.5, 8.5 ], 
            "faces": {
                "north": { "texture": "#iron_bars", "uv": [ 2, 10, 4, 11 ] },
                "south": { "texture": "#iron_bars", "uv": [ 2, 10, 4, 11 ] },
                "up": { "texture": "#iron_bars", "uv": [ 7, 2, 9, 3 ] },
                "down": { "texture": "#iron_bars", "uv": [ 7, 8, 9, 9 ] }
            }
        },
        {
            "name": "Cube",
            "from": [ 13, 10.5, 7.5 ], 
            "to": [ 15, 11.5, 8.5 ], 
            "faces": {
                "north": { "texture": "#iron_bars", "uv": [ 7, 12, 9, 13 ] },
                "south": { "texture": "#iron_bars", "uv": [ 7, 12, 9, 13 ] },
                "up": { "texture": "#iron_bars", "uv": [ 12, 4, 14, 5 ] },
                "down": { "texture": "#iron_bars", "uv": [ 7, 4, 9, 5 ] }
            }
        },
        {
            "name": "Cube",
            "from": [ 13, 5.5, 7.5 ], 
            "to": [ 15, 6.5, 8.5 ], 
            "faces": {
                "north": { "texture": "#iron_bars", "uv": [ 7, 9, 9, 10 ] },
                "south": { "texture": "#iron_bars", "uv": [ 7, 9, 9, 10 ] },
                "up": { "texture": "#iron_bars", "uv": [ 6, 3, 8, 4 ] },
                "down": { "texture": "#iron_bars", "uv": [ 7, 6, 9, 7 ] }
            }
        },
        {
            "name": "Cube",
            "from": [ 10, 4.5, 7.5 ], 
            "to": [ 12, 5.5, 8.5 ], 
            "faces": {
                "north": { "texture": "#iron_bars", "uv": [ 2, 11, 4, 12 ] },
                "south": { "texture": "#iron_bars", "uv": [ 2, 11, 4, 12 ] },
                "up": { "texture": "#iron_bars", "uv": [ 12, 5, 14, 6 ] },
                "down": { "texture": "#iron_bars", "uv": [ 7, 15, 9, 16 ] }
            }
        },
        {
            "name": "Cube",
            "from": [ 4, 4.5, 7.5 ], 
            "to": [ 6, 5.5, 8.5 ], 
            "faces": {
                "north": { "texture": "#iron_bars", "uv": [ 12, 12, 14, 13 ] },
                "south": { "texture": "#iron_bars", "uv": [ 12, 12, 14, 13 ] },
                "up": { "texture": "#iron_bars", "uv": [ 12, 1, 14, 2 ] },
                "down": { "texture": "#iron_bars", "uv": [ 2, 11, 4, 12 ] }
            }
        },
        {
            "name": "Cube",
            "from": [ 1, 5.5, 7.5 ], 
            "to": [ 3, 6.5, 8.5 ], 
            "faces": {
                "north": { "texture": "#iron_bars", "uv": [ 7, 7, 9, 8 ] },
                "south": { "texture": "#iron_bars", "uv": [ 7, 7, 9, 8 ] },
                "up": { "texture": "#iron_bars", "uv": [ 6, 3, 8, 4 ] },
                "down": { "texture": "#iron_bars", "uv": [ 2, 9, 4, 10 ] }
            }
        },
        {
            "name": "Cube",
            "from": [ 12, 1.5, 7.5 ], 
            "to": [ 13, 15.5, 8.5 ], 
            "faces": {
                "north": { "texture": "#iron_bars", "uv": [ 2, 0, 3, 14 ], "rotation": 180 },
                "east": { "texture": "#iron_bars", "uv": [ 3, 0, 4, 14 ] },
                "south": { "texture": "#iron_bars", "uv": [ 2, 0, 3, 14 ], "rotation": 180 },
                "west": { "texture": "#iron_bars", "uv": [ 8, 0, 9, 14 ] }
            }
        },
        {
            "name": "Cube",
            "from": [ 0, 0, 7 ], 
            "to": [ 0, 0.5, 9 ], 
            "faces": {
                "east": { "texture": "#iron_bars", "uv": [ 5, 3, 7, 3.5 ] },
                "west": { "texture": "#iron_bars", "uv": [ 5, 3, 7, 3.5 ] }
            }
        },
        {
            "name": "Cube",
            "from": [ -7, 0.1, 7 ], 
            "to": [ 0, 0.1, 9 ], 
            "faces": {
                "up": { "texture": "#iron_bars", "uv": [ 2, 2, 9, 4 ], "rotation": 180 },
                "down": { "texture": "#iron_bars", "uv": [ 2, 2, 9, 4 ], "rotation": 180 }
            }
        },
        {
            "name": "Cube",
            "from": [ -7, 15.9, 7 ], 
            "to": [ 0, 15.9, 9 ], 
            "faces": {
                "up": { "texture": "#iron_bars", "uv": [ 7, 12, 14, 14 ] },
                "down": { "texture": "#iron_bars", "uv": [ 2, 2, 9, 4 ] }
            }
        },
        {
            "name": "Cube",
            "from": [ -2, 0, 8 ], 
            "to": [ 0, 15.8, 8 ], 
            "faces": {
                "north": { "texture": "#iron_bars", "uv": [ 7, 0, 9, 15.8 ], "rotation": 180 },
                "south": { "texture": "#iron_bars", "uv": [ 7, 0, 9, 15.8 ] }
            }
        },
        {
            "name": "Cube",
            "from": [ -5, 3, 8 ], 
            "to": [ -2, 5, 8 ], 
            "faces": {
                "north": { "texture": "#iron_bars", "uv": [ 9, 12, 12, 14 ] },
                "south": { "texture": "#iron_bars", "uv": [ 9, 12, 12, 14 ] }
            }
        },
        {
            "name": "Cube",
            "from": [ -7, 0, 8 ], 
            "to": [ -5, 15.8, 8 ], 
            "faces": {
                "north": { "texture": "#iron_bars", "uv": [ 2, 0, 4, 15.8 ] },
                "south": { "texture": "#iron_bars", "uv": [ 2, 0, 4, 15.8 ], "rotation": 180 }
            }
        },
        {
            "name": "Cube",
            "from": [ -5, 11, 8 ], 
            "to": [ -2, 13, 8 ], 
            "faces": {
                "north": { "texture": "#iron_bars", "uv": [ 4, 2, 7, 4 ] },
                "south": { "texture": "#iron_bars", "uv": [ 4, 2, 7, 4 ] }
            }
        }
    ]
}