{
    "parent": "minecraft:block/warped_fence_gate",
	"textures": {"all": "minecraft:block/warped_fence_gate"},
    "overrides": [
        {"predicate": {"custom_model_data": 5001},"model": "minecraft:block/custom/ironfencegate/default/gate_closed"},
		{"predicate": {"custom_model_data": 5002},"model": "minecraft:block/custom/ironfencegate/default/gate_closed_left"},
		{"predicate": {"custom_model_data": 5003},"model": "minecraft:block/custom/ironfencegate/default/gate_closed_right"},
		{"predicate": {"custom_model_data": 5004},"model": "minecraft:block/custom/ironfencegate/default/gate_closed_both"},
		{"predicate": {"custom_model_data": 5005},"model": "minecraft:block/custom/ironfencegate/default/gate_open"},
		{"predicate": {"custom_model_data": 5006},"model": "minecraft:block/custom/ironfencegate/default/gate_open_left"},
		{"predicate": {"custom_model_data": 5007},"model": "minecraft:block/custom/ironfencegate/default/gate_open_right"},
		{"predicate": {"custom_model_data": 5008},"model": "minecraft:block/custom/ironfencegate/default/gate_open_both"},
		
		{"predicate": {"custom_model_data": 5011},"model": "minecraft:block/custom/ironfencegate/damaged1/gate_closed"},
		{"predicate": {"custom_model_data": 5012},"model": "minecraft:block/custom/ironfencegate/damaged1/gate_closed_left"},
		{"predicate": {"custom_model_data": 5013},"model": "minecraft:block/custom/ironfencegate/damaged1/gate_closed_right"},
		{"predicate": {"custom_model_data": 5014},"model": "minecraft:block/custom/ironfencegate/damaged1/gate_closed_both"},
		{"predicate": {"custom_model_data": 5015},"model": "minecraft:block/custom/ironfencegate/damaged1/gate_open"},
		{"predicate": {"custom_model_data": 5016},"model": "minecraft:block/custom/ironfencegate/damaged1/gate_open_left"},
		{"predicate": {"custom_model_data": 5017},"model": "minecraft:block/custom/ironfencegate/damaged1/gate_open_right"},
		{"predicate": {"custom_model_data": 5018},"model": "minecraft:block/custom/ironfencegate/damaged1/gate_open_both"},
		
		{"predicate": {"custom_model_data": 5021},"model": "minecraft:block/custom/ironfencegate/damaged2/gate_closed"},
		{"predicate": {"custom_model_data": 5022},"model": "minecraft:block/custom/ironfencegate/damaged2/gate_closed_left"},
		{"predicate": {"custom_model_data": 5023},"model": "minecraft:block/custom/ironfencegate/damaged2/gate_closed_right"},
		{"predicate": {"custom_model_data": 5024},"model": "minecraft:block/custom/ironfencegate/damaged2/gate_closed_both"},
		{"predicate": {"custom_model_data": 5025},"model": "minecraft:block/custom/ironfencegate/damaged2/gate_open"},
		{"predicate": {"custom_model_data": 5026},"model": "minecraft:block/custom/ironfencegate/damaged2/gate_open_left"},
		{"predicate": {"custom_model_data": 5027},"model": "minecraft:block/custom/ironfencegate/damaged2/gate_open_right"},
		{"predicate": {"custom_model_data": 5028},"model": "minecraft:block/custom/ironfencegate/damaged2/gate_open_both"},
		
		{"predicate": {"custom_model_data": 5031},"model": "minecraft:block/custom/ironfencegate/damaged3/gate_closed"},
		{"predicate": {"custom_model_data": 5032},"model": "minecraft:block/custom/ironfencegate/damaged3/gate_closed_left"},
		{"predicate": {"custom_model_data": 5033},"model": "minecraft:block/custom/ironfencegate/damaged3/gate_closed_right"},
		{"predicate": {"custom_model_data": 5034},"model": "minecraft:block/custom/ironfencegate/damaged3/gate_closed_both"},
		{"predicate": {"custom_model_data": 5035},"model": "minecraft:block/custom/ironfencegate/damaged3/gate_open"},
		{"predicate": {"custom_model_data": 5036},"model": "minecraft:block/custom/ironfencegate/damaged3/gate_open_left"},
		{"predicate": {"custom_model_data": 5037},"model": "minecraft:block/custom/ironfencegate/damaged3/gate_open_right"},
		{"predicate": {"custom_model_data": 5038},"model": "minecraft:block/custom/ironfencegate/damaged3/gate_open_both"},
		
		{"predicate": {"custom_model_data": 5041},"model": "minecraft:block/custom/ironfencegate/damaged4/gate_closed"},
		{"predicate": {"custom_model_data": 5042},"model": "minecraft:block/custom/ironfencegate/damaged4/gate_closed_left"},
		{"predicate": {"custom_model_data": 5043},"model": "minecraft:block/custom/ironfencegate/damaged4/gate_closed_right"},
		{"predicate": {"custom_model_data": 5044},"model": "minecraft:block/custom/ironfencegate/damaged4/gate_closed_both"},
		{"predicate": {"custom_model_data": 5045},"model": "minecraft:block/custom/ironfencegate/damaged4/gate_open"},
		{"predicate": {"custom_model_data": 5046},"model": "minecraft:block/custom/ironfencegate/damaged4/gate_open_left"},
		{"predicate": {"custom_model_data": 5047},"model": "minecraft:block/custom/ironfencegate/damaged4/gate_open_right"},
		{"predicate": {"custom_model_data": 5048},"model": "minecraft:block/custom/ironfencegate/damaged4/gate_open_both"},
		
		{"predicate": {"custom_model_data": 5051},"model": "minecraft:block/custom/ironfencegate/damaged5/gate_closed"},
		{"predicate": {"custom_model_data": 5052},"model": "minecraft:block/custom/ironfencegate/damaged5/gate_closed_left"},
		{"predicate": {"custom_model_data": 5053},"model": "minecraft:block/custom/ironfencegate/damaged5/gate_closed_right"},
		{"predicate": {"custom_model_data": 5054},"model": "minecraft:block/custom/ironfencegate/damaged5/gate_closed_both"},
		{"predicate": {"custom_model_data": 5055},"model": "minecraft:block/custom/ironfencegate/damaged5/gate_open"},
		{"predicate": {"custom_model_data": 5056},"model": "minecraft:block/custom/ironfencegate/damaged5/gate_open_left"},
		{"predicate": {"custom_model_data": 5057},"model": "minecraft:block/custom/ironfencegate/damaged5/gate_open_right"},
		{"predicate": {"custom_model_data": 5058},"model": "minecraft:block/custom/ironfencegate/damaged5/gate_open_both"},
		
		{"predicate": {"custom_model_data": 5061},"model": "minecraft:block/custom/ironfencegate/damaged6/gate_closed"},
		{"predicate": {"custom_model_data": 5062},"model": "minecraft:block/custom/ironfencegate/damaged6/gate_closed_left"},
		{"predicate": {"custom_model_data": 5063},"model": "minecraft:block/custom/ironfencegate/damaged6/gate_closed_right"},
		{"predicate": {"custom_model_data": 5064},"model": "minecraft:block/custom/ironfencegate/damaged6/gate_closed_both"},
		{"predicate": {"custom_model_data": 5065},"model": "minecraft:block/custom/ironfencegate/damaged6/gate_open"},
		{"predicate": {"custom_model_data": 5066},"model": "minecraft:block/custom/ironfencegate/damaged6/gate_open_left"},
		{"predicate": {"custom_model_data": 5067},"model": "minecraft:block/custom/ironfencegate/damaged6/gate_open_right"},
		{"predicate": {"custom_model_data": 5068},"model": "minecraft:block/custom/ironfencegate/damaged6/gate_open_both"},
		
		{"predicate": {"custom_model_data": 5071},"model": "minecraft:block/custom/ironfencegate/damaged7/gate_closed"},
		{"predicate": {"custom_model_data": 5072},"model": "minecraft:block/custom/ironfencegate/damaged7/gate_closed_left"},
		{"predicate": {"custom_model_data": 5073},"model": "minecraft:block/custom/ironfencegate/damaged7/gate_closed_right"},
		{"predicate": {"custom_model_data": 5074},"model": "minecraft:block/custom/ironfencegate/damaged7/gate_closed_both"},
		{"predicate": {"custom_model_data": 5075},"model": "minecraft:block/custom/ironfencegate/damaged7/gate_open"},
		{"predicate": {"custom_model_data": 5076},"model": "minecraft:block/custom/ironfencegate/damaged7/gate_open_left"},
		{"predicate": {"custom_model_data": 5077},"model": "minecraft:block/custom/ironfencegate/damaged7/gate_open_right"},
		{"predicate": {"custom_model_data": 5078},"model": "minecraft:block/custom/ironfencegate/damaged7/gate_open_both"},
		
		{"predicate": {"custom_model_data": 5081},"model": "minecraft:block/custom/ironfencegate/damaged8/gate_closed"},
		{"predicate": {"custom_model_data": 5082},"model": "minecraft:block/custom/ironfencegate/damaged8/gate_closed_left"},
		{"predicate": {"custom_model_data": 5083},"model": "minecraft:block/custom/ironfencegate/damaged8/gate_closed_right"},
		{"predicate": {"custom_model_data": 5084},"model": "minecraft:block/custom/ironfencegate/damaged8/gate_closed_both"},
		{"predicate": {"custom_model_data": 5085},"model": "minecraft:block/custom/ironfencegate/damaged8/gate_open"},
		{"predicate": {"custom_model_data": 5086},"model": "minecraft:block/custom/ironfencegate/damaged8/gate_open_left"},
		{"predicate": {"custom_model_data": 5087},"model": "minecraft:block/custom/ironfencegate/damaged8/gate_open_right"},
		{"predicate": {"custom_model_data": 5088},"model": "minecraft:block/custom/ironfencegate/damaged8/gate_open_both"},
		
		{"predicate": {"custom_model_data": 5091},"model": "minecraft:block/custom/ironfencegate/damaged9/gate_closed"},
		{"predicate": {"custom_model_data": 5092},"model": "minecraft:block/custom/ironfencegate/damaged9/gate_closed_left"},
		{"predicate": {"custom_model_data": 5093},"model": "minecraft:block/custom/ironfencegate/damaged9/gate_closed_right"},
		{"predicate": {"custom_model_data": 5094},"model": "minecraft:block/custom/ironfencegate/damaged9/gate_closed_both"},
		{"predicate": {"custom_model_data": 5095},"model": "minecraft:block/custom/ironfencegate/damaged9/gate_open"},
		{"predicate": {"custom_model_data": 5096},"model": "minecraft:block/custom/ironfencegate/damaged9/gate_open_left"},
		{"predicate": {"custom_model_data": 5097},"model": "minecraft:block/custom/ironfencegate/damaged9/gate_open_right"},
		{"predicate": {"custom_model_data": 5098},"model": "minecraft:block/custom/ironfencegate/damaged9/gate_open_both"}
    ]
}