{
    "__comment": "Model generated using MrCrayfish's Model Creator (https://mrcrayfish.com/tools?id=mc)",
    "textures": {
        "iron_bars": "minecraft:block/custom/ironfencegate/damaged2"
    },
    "display": {
        "gui": {
            "rotation": [ 18, 27, 0 ],
            "translation": [ 0, 0, 0 ],
            "scale": [ 0.625, 0.625, 0.625 ]
        },
        "ground": {
            "rotation": [ 0, 0, 0 ],
            "translation": [ 0, 3, 0 ],
            "scale": [ 0.25, 0.25, 0.25 ]
        },
        "fixed": {
            "rotation": [ 0, 180, 0 ],
            "translation": [ 0, 0, 0 ],
            "scale": [ 1, 1, 1 ]
        },
        "head": {
            "rotation": [ 0, 180, 0 ],
            "translation": [ 0, -14.65, 0 ],
            "scale": [ 2.29, 2.29, 2.29 ]
        },
        "firstperson_righthand": {
            "rotation": [ 0, 315, 0 ],
            "translation": [ 0, 2.5, 0 ],
            "scale": [ 0.4, 0.4, 0.4 ]
        },
        "thirdperson_righthand": {
            "rotation": [ 75, 315, 0 ],
            "translation": [ 0, 2.5, 0 ],
            "scale": [ 0.375, 0.375, 0.375 ]
        }
    },
    "elements": [
        {
            "name": "Cube",
            "from": [ 0, 0.5, 7.5 ], 
            "to": [ 2, 16.5, 8.5 ], 
            "faces": {
                "north": { "texture": "#iron_bars", "uv": [ 2, 0, 4, 16 ] },
                "east": { "texture": "#iron_bars", "uv": [ 2, 0, 3, 16 ] },
                "south": { "texture": "#iron_bars", "uv": [ 7, 0, 9, 16 ] },
                "west": { "texture": "#iron_bars", "uv": [ 7, 0, 8, 16 ] },
                "up": { "texture": "#iron_bars", "uv": [ 2, 0, 4, 1 ] },
                "down": { "texture": "#iron_bars", "uv": [ 2, 0, 4, 1 ] }
            }
        },
        {
            "name": "Cube",
            "from": [ 0.5, 1.5, 4.5 ], 
            "to": [ 1.5, 15.5, 5.5 ], 
            "faces": {
                "north": { "texture": "#iron_bars", "uv": [ 2, 0, 3, 14 ] },
                "east": { "texture": "#iron_bars", "uv": [ 3, 0, 4, 14 ] },
                "south": { "texture": "#iron_bars", "uv": [ 7, 0, 8, 14 ] },
                "west": { "texture": "#iron_bars", "uv": [ 8, 0, 9, 14 ] }
            }
        },
        {
            "name": "Cube",
            "from": [ -0.1, 0.5, 0.5 ], 
            "to": [ 1.9, 16.5, 2.5 ], 
            "faces": {
                "north": { "texture": "#iron_bars", "uv": [ 2, 0, 4, 16 ], "rotation": 180 },
                "east": { "texture": "#iron_bars", "uv": [ 7, 0, 9, 16 ] },
                "south": { "texture": "#iron_bars", "uv": [ 12, 0, 14, 16 ] },
                "west": { "texture": "#iron_bars", "uv": [ 7, 0, 9, 16 ] },
                "up": { "texture": "#iron_bars", "uv": [ 12, 0, 14, 2 ] },
                "down": { "texture": "#iron_bars", "uv": [ 12, 0, 14, 2 ] }
            }
        },
        {
            "name": "Cube",
            "from": [ 0, 15.5, 2.5 ], 
            "to": [ 2, 16.5, 7.5 ], 
            "faces": {
                "east": { "texture": "#iron_bars", "uv": [ 3, 3, 8, 4 ] },
                "west": { "texture": "#iron_bars", "uv": [ 3, 3, 8, 4 ] },
                "up": { "texture": "#iron_bars", "uv": [ 7, 5, 9, 10 ] },
                "down": { "texture": "#iron_bars", "uv": [ 12, 3, 14, 8 ] }
            }
        },
        {
            "name": "Cube",
            "from": [ 0.5, 10.5, 5.5 ], 
            "to": [ 1.5, 11.5, 7.5 ], 
            "faces": {
                "east": { "texture": "#iron_bars", "uv": [ 2, 0, 4, 1 ] },
                "west": { "texture": "#iron_bars", "uv": [ 2, 9, 4, 10 ] },
                "up": { "texture": "#iron_bars", "uv": [ 6, 2, 7, 4 ] },
                "down": { "texture": "#iron_bars", "uv": [ 7, 12, 8, 14 ] }
            }
        },
        {
            "name": "Cube",
            "from": [ 0.5, 5.5, 5.5 ], 
            "to": [ 1.5, 6.5, 7.5 ], 
            "faces": {
                "east": { "texture": "#iron_bars", "uv": [ 2, 12, 4, 13 ] },
                "west": { "texture": "#iron_bars", "uv": [ 7, 12, 9, 13 ] },
                "up": { "texture": "#iron_bars", "uv": [ 7, 2, 8, 4 ] },
                "down": { "texture": "#iron_bars", "uv": [ 3, 7, 4, 9 ] }
            }
        },
        {
            "name": "Cube",
            "from": [ 0, 0.5, 2.5 ], 
            "to": [ 2, 1.5, 7.5 ], 
            "faces": {
                "east": { "texture": "#iron_bars", "uv": [ 2, 3, 7, 4 ] },
                "west": { "texture": "#iron_bars", "uv": [ 8, 12, 13, 13 ] },
                "up": { "texture": "#iron_bars", "uv": [ 7, 6, 9, 11 ] },
                "down": { "texture": "#iron_bars", "uv": [ 7, 8, 9, 13 ] }
            }
        },
        {
            "name": "Cube",
            "from": [ 0.5, 4.5, 2.5 ], 
            "to": [ 1.5, 5.5, 4.5 ], 
            "faces": {
                "east": { "texture": "#iron_bars", "uv": [ 7, 10, 9, 11 ] },
                "west": { "texture": "#iron_bars", "uv": [ 7, 2, 9, 3 ] },
                "up": { "texture": "#iron_bars", "uv": [ 8, 2, 9, 4 ] },
                "down": { "texture": "#iron_bars", "uv": [ 7, 9, 8, 11 ] }
            }
        },
        {
            "name": "Cube",
            "from": [ 0.5, 11.5, 2.5 ], 
            "to": [ 1.5, 12.5, 4.5 ], 
            "faces": {
                "east": { "texture": "#iron_bars", "uv": [ 0, 7, 2, 8 ] },
                "west": { "texture": "#iron_bars", "uv": [ 2, 11, 4, 12 ] },
                "up": { "texture": "#iron_bars", "uv": [ 8, 2, 9, 4 ] },
                "down": { "texture": "#iron_bars", "uv": [ 1, 7, 2, 9 ] }
            }
        },
        {
            "name": "Cube",
            "from": [ 14, 0.5, 7.5 ], 
            "to": [ 16, 16.5, 8.5 ], 
            "faces": {
                "north": { "texture": "#iron_bars", "uv": [ 2, 0, 4, 16 ] },
                "east": { "texture": "#iron_bars", "uv": [ 2, 0, 3, 16 ] },
                "south": { "texture": "#iron_bars", "uv": [ 7, 0, 9, 16 ], "rotation": 180 },
                "west": { "texture": "#iron_bars", "uv": [ 7, 0, 8, 16 ] },
                "up": { "texture": "#iron_bars", "uv": [ 2, 0, 4, 1 ] },
                "down": { "texture": "#iron_bars", "uv": [ 2, 0, 4, 1 ] }
            }
        },
        {
            "name": "Cube",
            "from": [ 14.5, 1.5, 4.5 ], 
            "to": [ 15.5, 15.5, 5.5 ], 
            "faces": {
                "north": { "texture": "#iron_bars", "uv": [ 2, 0, 3, 14 ] },
                "east": { "texture": "#iron_bars", "uv": [ 3, 0, 4, 14 ] },
                "south": { "texture": "#iron_bars", "uv": [ 7, 0, 8, 14 ] },
                "west": { "texture": "#iron_bars", "uv": [ 8, 0, 9, 14 ] }
            }
        },
        {
            "name": "Cube",
            "from": [ 13.9, 0.5, 0.5 ], 
            "to": [ 15.9, 16.5, 2.5 ], 
            "faces": {
                "north": { "texture": "#iron_bars", "uv": [ 2, 0, 4, 16 ] },
                "east": { "texture": "#iron_bars", "uv": [ 7, 0, 9, 16 ], "rotation": 180 },
                "south": { "texture": "#iron_bars", "uv": [ 7, 0, 9, 16 ] },
                "west": { "texture": "#iron_bars", "uv": [ 7, 0, 9, 16 ] },
                "up": { "texture": "#iron_bars", "uv": [ 12, 0, 14, 2 ] },
                "down": { "texture": "#iron_bars", "uv": [ 12, 0, 14, 2 ] }
            }
        },
        {
            "name": "Cube",
            "from": [ 14, 15.5, 2.5 ], 
            "to": [ 16, 16.5, 7.5 ], 
            "faces": {
                "east": { "texture": "#iron_bars", "uv": [ 3, 3, 8, 4 ] },
                "west": { "texture": "#iron_bars", "uv": [ 3, 3, 8, 4 ] },
                "up": { "texture": "#iron_bars", "uv": [ 7, 5, 9, 10 ], "rotation": 180 },
                "down": { "texture": "#iron_bars", "uv": [ 12, 3, 14, 8 ], "rotation": 180 }
            }
        },
        {
            "name": "Cube",
            "from": [ 14.5, 10.5, 5.5 ], 
            "to": [ 15.5, 11.5, 7.5 ], 
            "faces": {
                "east": { "texture": "#iron_bars", "uv": [ 2, 0, 4, 1 ] },
                "west": { "texture": "#iron_bars", "uv": [ 2, 9, 4, 10 ] },
                "up": { "texture": "#iron_bars", "uv": [ 6, 2, 7, 4 ] },
                "down": { "texture": "#iron_bars", "uv": [ 7, 12, 8, 14 ] }
            }
        },
        {
            "name": "Cube",
            "from": [ 14.5, 5.5, 5.5 ], 
            "to": [ 15.5, 6.5, 7.5 ], 
            "faces": {
                "east": { "texture": "#iron_bars", "uv": [ 2, 12, 4, 13 ] },
                "west": { "texture": "#iron_bars", "uv": [ 7, 12, 9, 13 ] },
                "up": { "texture": "#iron_bars", "uv": [ 7, 2, 8, 4 ] },
                "down": { "texture": "#iron_bars", "uv": [ 3, 7, 4, 9 ] }
            }
        },
        {
            "name": "Cube",
            "from": [ 14, 0.5, 2.5 ], 
            "to": [ 16, 1.5, 7.5 ], 
            "faces": {
                "east": { "texture": "#iron_bars", "uv": [ 2, 3, 7, 4 ] },
                "west": { "texture": "#iron_bars", "uv": [ 8, 12, 13, 13 ] },
                "up": { "texture": "#iron_bars", "uv": [ 7, 6, 9, 11 ] },
                "down": { "texture": "#iron_bars", "uv": [ 7, 8, 9, 13 ] }
            }
        },
        {
            "name": "Cube",
            "from": [ 14.5, 4.5, 2.5 ], 
            "to": [ 15.5, 5.5, 4.5 ], 
            "faces": {
                "east": { "texture": "#iron_bars", "uv": [ 7, 10, 9, 11 ] },
                "west": { "texture": "#iron_bars", "uv": [ 7, 2, 9, 3 ] },
                "up": { "texture": "#iron_bars", "uv": [ 8, 2, 9, 4 ] },
                "down": { "texture": "#iron_bars", "uv": [ 7, 9, 8, 11 ] }
            }
        },
        {
            "name": "Cube",
            "from": [ 14.5, 11.5, 2.5 ], 
            "to": [ 15.5, 12.5, 4.5 ], 
            "faces": {
                "east": { "texture": "#iron_bars", "uv": [ 0, 7, 2, 8 ] },
                "west": { "texture": "#iron_bars", "uv": [ 2, 11, 4, 12 ] },
                "up": { "texture": "#iron_bars", "uv": [ 8, 2, 9, 4 ] },
                "down": { "texture": "#iron_bars", "uv": [ 1, 7, 2, 9 ] }
            }
        },
        {
            "name": "Cube",
            "from": [ 16, 0, 7 ], 
            "to": [ 16, 0.5, 9 ], 
            "faces": {
                "east": { "texture": "#iron_bars", "uv": [ 4, 3, 6, 3.5 ] },
                "west": { "texture": "#iron_bars", "uv": [ 4, 3, 6, 3.5 ] }
            }
        },
        {
            "name": "Cube",
            "from": [ -7, 0.1, 7 ], 
            "to": [ 0, 0.1, 9 ], 
            "faces": {
                "up": { "texture": "#iron_bars", "uv": [ 2, 2, 9, 4 ], "rotation": 180 },
                "down": { "texture": "#iron_bars", "uv": [ 7, 12, 14, 14 ], "rotation": 180 }
            }
        },
        {
            "name": "Cube",
            "from": [ -7, 15.9, 7 ], 
            "to": [ 0, 15.9, 9 ], 
            "faces": {
                "up": { "texture": "#iron_bars", "uv": [ 7, 12, 14, 14 ] },
                "down": { "texture": "#iron_bars", "uv": [ 7, 12, 14, 14 ] }
            }
        },
        {
            "name": "Cube",
            "from": [ -2, 0, 8 ], 
            "to": [ 0, 15.8, 8 ], 
            "faces": {
                "north": { "texture": "#iron_bars", "uv": [ 7, 0, 9, 15.8 ], "rotation": 180 },
                "south": { "texture": "#iron_bars", "uv": [ 7, 0, 9, 15.8 ] }
            }
        },
        {
            "name": "Cube",
            "from": [ -7, 0, 8 ], 
            "to": [ -5, 15.8, 8 ], 
            "faces": {
                "north": { "texture": "#iron_bars", "uv": [ 2, 0, 4, 15.8 ] },
                "south": { "texture": "#iron_bars", "uv": [ 2, 0, 4, 15.8 ], "rotation": 180 }
            }
        },
        {
            "name": "Cube",
            "from": [ -5, 3, 8 ], 
            "to": [ -2, 5, 8 ], 
            "faces": {
                "north": { "texture": "#iron_bars", "uv": [ 9, 12, 12, 14 ] },
                "south": { "texture": "#iron_bars", "uv": [ 9, 12, 12, 14 ] }
            }
        },
        {
            "name": "Cube",
            "from": [ 16, 0.1, 7 ], 
            "to": [ 23, 0.1, 9 ], 
            "faces": {
                "up": { "texture": "#iron_bars", "uv": [ 2, 2, 9, 4 ] },
                "down": { "texture": "#iron_bars", "uv": [ 2, 2, 9, 4 ] }
            }
        },
        {
            "name": "Cube",
            "from": [ 18, 3, 8 ], 
            "to": [ 21, 5, 8 ], 
            "faces": {
                "north": { "texture": "#iron_bars", "uv": [ 9, 12, 12, 14 ] },
                "south": { "texture": "#iron_bars", "uv": [ 9, 12, 12, 14 ] }
            }
        },
        {
            "name": "Cube",
            "from": [ 16, 0, 8 ], 
            "to": [ 18, 15.8, 8 ], 
            "faces": {
                "north": { "texture": "#iron_bars", "uv": [ 7, 0, 9, 15.8 ] },
                "south": { "texture": "#iron_bars", "uv": [ 7, 0, 9, 15.8 ], "rotation": 180 }
            }
        },
        {
            "name": "Cube",
            "from": [ 21, 0, 8 ], 
            "to": [ 23, 15.8, 8 ], 
            "faces": {
                "north": { "texture": "#iron_bars", "uv": [ 2, 0, 4, 15.8 ], "rotation": 180 },
                "south": { "texture": "#iron_bars", "uv": [ 2, 0, 4, 15.8 ] }
            }
        },
        {
            "name": "Cube",
            "from": [ 16, 15.9, 7 ], 
            "to": [ 23, 15.9, 9 ], 
            "faces": {
                "up": { "texture": "#iron_bars", "uv": [ 7, 12, 14, 14 ], "rotation": 180 },
                "down": { "texture": "#iron_bars", "uv": [ 7, 12, 14, 14 ] }
            }
        },
        {
            "name": "Cube",
            "from": [ 0, 0, 7 ], 
            "to": [ 0, 0.5, 9 ], 
            "faces": {
                "east": { "texture": "#iron_bars", "uv": [ 4, 3, 6, 3.5 ] },
                "west": { "texture": "#iron_bars", "uv": [ 4, 3, 6, 3.5 ] }
            }
        },
        {
            "name": "Cube",
            "from": [ 18, 11, 8 ], 
            "to": [ 21, 13, 8 ], 
            "faces": {
                "north": { "texture": "#iron_bars", "uv": [ 4, 2, 7, 4 ] },
                "south": { "texture": "#iron_bars", "uv": [ 4, 2, 7, 4 ] }
            }
        },
        {
            "name": "Cube",
            "from": [ -5, 11, 8 ], 
            "to": [ -2, 13, 8 ], 
            "faces": {
                "north": { "texture": "#iron_bars", "uv": [ 4, 2, 7, 4 ] },
                "south": { "texture": "#iron_bars", "uv": [ 4, 2, 7, 4 ] }
            }
        }
    ]
}